id,emoji,description,ocurrences
1,â™Ÿï¸,chess pawn,1
3,ğŸ“²,mobile phone with arrow,1
3,ğŸ’°,money bag,1
3,ğŸ¤‘,money-mouth face,1
3,ğŸ®,video game,1
4,ğŸ“²,mobile phone with arrow,1
4,ğŸ’°,money bag,1
4,ğŸ¤‘,money-mouth face,1
4,ğŸ®,video game,1
5,ğŸ†,trophy,1
8,âš¡,high voltage,1
8,ğŸ»,light skin tone,1
9,ğŸŒ,globe showing Europe-Africa,1
9,âœ‰,envelope,1
9,ğŸŒŸ,glowing star,3
9,ğŸ‰,party popper,3
9,ğŸ‡¸ğŸ‡¦,flag: Saudi Arabia,1
9,ğŸ†,trophy,2
9,ğŸ‘‰,backhand index pointing right,5
11,ğŸ“²,mobile phone with arrow,1
11,ğŸ’°,money bag,1
11,ğŸ¤‘,money-mouth face,1
11,ğŸ®,video game,1
12,â™Ÿï¸,chess pawn,12
12,â™£ï¸,club suit,1
13,ğŸ’™,blue heart,1
13,ğŸ–¤,black heart,1
14,â™Ÿ,chess pawn,2
14,ğŸ¤«,shushing face,1
16,ğŸš«,prohibited,1
18,â™Ÿï¸,chess pawn,1
18,ğŸ˜»,smiling cat with heart-eyes,1
22,ğŸ¤¸,person cartwheeling,9
23,ğŸ”¥,fire,1
23,ğŸ“·,camera,1
23,ğŸŒ¡,thermometer,1
25,â˜€ï¸,sun,1
25,ğŸ‡µğŸ‡±,flag: Poland,1
25,ğŸ‘‰,backhand index pointing right,1
25,ğŸ‘±â€â™‚ï¸,man: blond hair,1
25,ğŸ”,TOP arrow,1
28,ğŸ”¥,fire,1
29,â™Ÿï¸,chess pawn,1
30,ğŸ˜,smiling face with sunglasses,1
30,ğŸ“Œ,pushpin,2
30,ğŸ™,folded hands,1
30,ğŸ‘ˆ,backhand index pointing left,3
30,ğŸ”¥,fire,2
30,ğŸ“¸,camera with flash,1
30,â—,red exclamation mark,2
30,ğŸ”,TOP arrow,1
30,Â©ï¸,copyright,1
31,ğŸŒˆ,rainbow,1
33,â™Ÿ,chess pawn,1
33,ğŸ™Œ,raising hands,1
34,ğŸŒ,globe showing Europe-Africa,1
34,â°,alarm clock,1
34,ğŸ”,hamburger,1
34,ğŸ¤©,star-struck,1
34,ğŸ•,pizza,1
34,ğŸ½ï¸,fork and knife with plate,1
34,ğŸ†,trophy,2
34,ğŸ¤,handshake,1
34,ğŸš€,rocket,1
34,ğŸ†š,VS button,1
34,ğŸŒ­,hot dog,1
34,ğŸ”¥,fire,1
34,ğŸ’ª,flexed biceps,1
34,ğŸ˜²,astonished face,1
34,ğŸŒŸ,glowing star,2
34,â™Ÿï¸,chess pawn,1
34,ğŸ—“ï¸,spiral calendar,1
34,ğŸ’¸,money with wings,1
34,â—,red exclamation mark,2
34,ğŸ“,round pushpin,1
38,âœï¸,writing hand,1
40,ğŸ¤©,star-struck,1
40,ğŸ™Œ,raising hands,1
40,ğŸ§µ,thread,1
41,â™Ÿï¸,chess pawn,1
46,ğŸ‘ğŸ»,clapping hands: light skin tone,1
46,ğŸ¥³,partying face,1
47,ğŸ‘,thumbs up,1
47,ğŸ’¾,floppy disk,1
47,ğŸ‰,party popper,1
47,â™Ÿï¸,chess pawn,1
47,ğŸ—“ï¸,spiral calendar,1
47,ğŸ’¬,speech balloon,1
47,ğŸš¶â€â™‚ï¸,man walking,1
47,ğŸ¤—,hugging face,1
47,ğŸ”,repeat button,1
48,â™Ÿ,chess pawn,1
50,â™Ÿï¸,chess pawn,2
50,ğŸ™‚,slightly smiling face,1
57,ğŸ’¯,hundred points,1
58,ğŸ˜,smiling face with heart-eyes,2
58,ğŸ’•,two hearts,2
58,â¤ï¸,red heart,2
64,ğŸ˜,smiling face with sunglasses,1
65,ğŸ”±,trident emblem,1
66,âœ¨,sparkles,1
66,ğŸ‰,party popper,1
66,â™Ÿï¸,chess pawn,1
66,ğŸ”¥,fire,1
66,ğŸ†,trophy,2
66,ğŸ‘‰,backhand index pointing right,2
67,ğŸ˜,smiling face with heart-eyes,1
69,âœ¨,sparkles,1
69,ğŸ‰,party popper,1
69,â™Ÿï¸,chess pawn,1
69,ğŸ”¥,fire,1
69,ğŸ†,trophy,2
69,ğŸ‘‰,backhand index pointing right,2
70,ğŸ‡«ğŸ‡·,flag: France,1
70,ğŸ“·,camera,1
70,â³,hourglass not done,1
71,ğŸ˜†,grinning squinting face,1
72,ğŸ˜,smiling face with sunglasses,1
72,âœ¨,sparkles,1
73,ğŸ˜Š,smiling face with smiling eyes,1
74,ğŸ‘‡,backhand index pointing down,1
76,ğŸ‡°ğŸ‡ª,flag: Kenya,1
76,ğŸ“Œ,pushpin,1
76,â¤ï¸,red heart,1
78,â°,alarm clock,1
78,ğŸŒ,globe with meridians,1
78,ğŸ¤•,face with head-bandage,1
78,ğŸ“,memo,1
78,ğŸ†,trophy,1
80,ğŸ’¯,hundred points,2
80,â¡,right arrow,1
80,ğŸ”¥,fire,20
80,â¤ï¸,red heart,1
80,ğŸš§,construction,6
80,ğŸ’—,growing heart,2
80,ğŸ›‘,stop sign,7
83,ğŸš«,prohibited,1
93,â™Ÿï¸,chess pawn,1
94,ğŸ§ˆ,butter,3
101,ğŸ¤©,star-struck,1
102,ğŸ“½ï¸,film projector,1
102,ğŸ§©,puzzle piece,1
110,ğŸ˜‚,face with tears of joy,1
110,ğŸ”¥,fire,1
110,â¤ï¸,red heart,1
110,ğŸ’€,skull,1
110,ğŸ””,bell,1
111,â¤ï¸,red heart,1
112,ğŸ§ ,brain,1
112,â“,red question mark,1
112,ğŸ¾,tennis,1
113,ğŸ“·,camera,1
115,ğŸ¤©,star-struck,1
115,ğŸ’œ,purple heart,1
116,â™Ÿï¸,chess pawn,2
116,ğŸ´,horse face,1
118,ğŸ§©,puzzle piece,1
121,ğŸ˜„,grinning face with smiling eyes,1
125,ğŸ¨,artist palette,1
126,â™Ÿï¸,chess pawn,1
129,ğŸ’•,two hearts,1
129,ğŸ˜»,smiling cat with heart-eyes,1
129,â™Ÿ,chess pawn,1
131,ğŸ˜,smiling face with heart-eyes,1
132,â™Ÿï¸,chess pawn,1
132,ğŸ¤,white heart,1
134,ğŸ’,gem stone,1
136,â™Ÿï¸,chess pawn,1
137,ğŸ‘‹ğŸ¼,waving hand: medium-light skin tone,1
137,â™Ÿï¸,chess pawn,3
137,ğŸ‘ğŸ¼,thumbs up: medium-light skin tone,1
137,ğŸ‘‰ğŸ¼,backhand index pointing right: medium-light skin tone,2
139,â™Ÿ,chess pawn,2
142,â¤ï¸,red heart,1
145,ğŸ˜’,unamused face,1
145,ğŸ˜”,pensive face,1
145,ğŸ˜¤,face with steam from nose,1
149,ğŸ¤ğŸ¾,crossed fingers: medium-dark skin tone,1
149,â™Ÿ,chess pawn,2
149,ğŸ’ªğŸ¾,flexed biceps: medium-dark skin tone,1
150,â™Ÿï¸,chess pawn,1
150,ğŸ“ˆ,chart increasing,1
155,ğŸ‡ºğŸ‡¦,flag: Ukraine,1
161,ğŸŒ¸,cherry blossom,1
161,ğŸ‡®ğŸ‡¹,flag: Italy,1
164,â™Ÿ,chess pawn,1
165,ğŸ‘‰,backhand index pointing right,2
165,ğŸ˜­,loudly crying face,1
167,â˜€ï¸,sun,1
167,ğŸ“–,open book,1
169,ğŸ¤ğŸ»,crossed fingers: light skin tone,1
169,ğŸ¥µ,hot face,1
170,â™Ÿï¸,chess pawn,1
171,ğŸ“…,calendar,1
171,â°,alarm clock,1
171,âœ¨,sparkles,3
171,ğŸŒŸ,glowing star,1
171,â™Ÿï¸,chess pawn,1
171,ğŸ¤—,hugging face,1
171,ğŸ¤,handshake,1
171,ğŸ“,round pushpin,1
173,ğŸ€,four leaf clover,1
173,âœ…,check mark button,1
177,â—,red exclamation mark,1
177,ğŸ¥³,partying face,3
177,ğŸ¥‰,3rd place medal,1
177,ğŸ“¢,loudspeaker,1
178,â™Ÿï¸,chess pawn,1
178,ğŸ“,memo,1
178,âœ¨,sparkles,1
180,ğŸ˜¢,crying face,1
185,ğŸ‡¦ğŸ‡·,flag: Argentina,1
186,ğŸ˜,smiling face with sunglasses,1
186,ğŸ¤“,nerd face,1
188,ğŸ‘‰,backhand index pointing right,2
188,ğŸ’ª,flexed biceps,1
189,â›±ï¸,umbrella on ground,1
189,ğŸ“,round pushpin,1
189,â˜•,hot beverage,4
189,ğŸ•â€ğŸ¦º,service dog,1
190,â¡ï¸,right arrow,3
190,â¤ï¸,red heart,1
190,ğŸ‘ğŸ»,thumbs up: light skin tone,1
191,ğŸ‘‰,backhand index pointing right,2
191,ğŸ’ª,flexed biceps,1
197,ğŸ‡¨ğŸ‡º,flag: Cuba,1
198,â€¼ï¸,double exclamation mark,3
200,ğŸ‘,thumbs up,1
200,âŒš,watch,1
200,ğŸ˜‰,winking face,1
200,ğŸ”‘,key,1
200,ğŸ¦¾,mechanical arm,1
200,ğŸ§ ,brain,1
200,ğŸ,wrapped gift,1
200,â¤ï¸,red heart,1
200,â™Ÿ,chess pawn,1
200,ğŸ‘‰,backhand index pointing right,4
200,â“,red question mark,1
200,ğŸ’¡,light bulb,1
202,ğŸŒ,sun with face,1
204,â™Ÿï¸,chess pawn,1
204,ğŸ¤”,thinking face,1
206,ğŸ‘,thumbs up,1
206,âŒš,watch,1
206,ğŸ˜‰,winking face,1
206,ğŸ”‘,key,1
206,ğŸ¦¾,mechanical arm,1
206,ğŸ§ ,brain,1
206,ğŸ,wrapped gift,1
206,â¤ï¸,red heart,1
206,â™Ÿ,chess pawn,1
206,ğŸ‘‰,backhand index pointing right,4
206,â“,red question mark,1
206,ğŸ’¡,light bulb,1
207,ğŸ¤”,thinking face,1
209,ğŸ“²,mobile phone with arrow,1
209,ğŸ’°,money bag,1
209,ğŸ¤‘,money-mouth face,1
209,ğŸ®,video game,1
210,ğŸ“²,mobile phone with arrow,1
210,ğŸ’°,money bag,1
210,ğŸ¤‘,money-mouth face,1
210,ğŸ®,video game,1
211,ğŸ“²,mobile phone with arrow,1
211,ğŸ’°,money bag,1
211,ğŸ¤‘,money-mouth face,1
211,ğŸ®,video game,1
212,ğŸ“²,mobile phone with arrow,1
212,ğŸ’°,money bag,1
212,ğŸ¤‘,money-mouth face,1
212,ğŸ®,video game,1
214,ğŸ‘‰,backhand index pointing right,1
214,ğŸ™‚,slightly smiling face,1
214,ğŸ‘‡,backhand index pointing down,2
214,ğŸ””,bell,2
216,ğŸ‘‰,backhand index pointing right,1
216,â­,star,1
216,â™Ÿ,chess pawn,1
216,ğŸ†,trophy,1
217,ğŸ˜,smiling face with sunglasses,1
217,ğŸ—¡ï¸,dagger,1
217,ğŸ’£,bomb,1
217,âš”ï¸,crossed swords,1
217,âš°ï¸,coffin,1
217,ğŸ¥‡,1st place medal,3
219,ğŸš«,prohibited,1
219,ğŸ’ª,flexed biceps,1
220,ğŸ§‘â€ğŸ¦±,person: curly hair,1
220,ğŸ˜Š,smiling face with smiling eyes,1
220,ğŸ‘©â€ğŸ¦±,woman: curly hair,1
220,ğŸ‘§,girl,1
220,ğŸ§’,child,1
224,â™Ÿï¸,chess pawn,1
224,ğŸ§ ,brain,1
229,ğŸ˜„,grinning face with smiling eyes,1
232,âœ…,check mark button,5
232,ğŸ”’,locked,1
232,ğŸ‘‘,crown,1
232,ğŸš§,construction,1
232,ğŸ°,castle,2
232,ğŸ’ª,flexed biceps,2
236,ğŸ‘,thumbs up,1
236,ğŸ™‚,slightly smiling face,1
237,â™Ÿï¸,chess pawn,1
237,ğŸ²,game die,1
237,ğŸ’™,blue heart,1
241,â™Ÿï¸,chess pawn,1
244,â©,fast-forward button,1
244,ğŸ‡¦ğŸ‡ª,flag: United Arab Emirates,1
244,âœ‰ï¸,envelope,1
244,â¤ï¸,red heart,1
246,â£ï¸,heart exclamation,1
246,ğŸ¤ ,cowboy hat face,1
247,ğŸ˜,squinting face with tongue,1
249,ğŸ’¡,light bulb,1
249,ğŸ“š,books,1
250,ğŸŒ¿,herb,4
250,ğŸš›,articulated lorry,1
250,â˜ï¸,telephone,1
250,ğŸ“²,mobile phone with arrow,1
250,ğŸ“,round pushpin,1
254,ğŸ”“,unlocked,1
255,âœ”ï¸,check mark,1
258,ğŸ’Œ,love letter,1
258,â™¥ï¸,heart suit,1
258,ğŸ“¬,open mailbox with raised flag,1
259,ğŸ“,round pushpin,1
259,ğŸ‡¦ğŸ‡±,flag: Albania,1
259,ğŸ‘¬,men holding hands,1
259,âœ…,check mark button,1
260,ğŸ°,castle,1
260,âœ¨,sparkles,1
260,ğŸŒŸ,glowing star,3
260,ğŸ“†,tear-off calendar,1
260,â™Ÿï¸,chess pawn,1
260,ğŸ†,trophy,2
260,ğŸ’ª,flexed biceps,1
263,â™Ÿï¸,chess pawn,1
263,ğŸ¤µâ€â™‚,man in tuxedo,1
264,â¤ï¸,red heart,1
265,ğŸ§©,puzzle piece,1
266,ğŸ“·,camera,1
268,â™Ÿï¸,chess pawn,1
268,ğŸ¤“,nerd face,1
269,ğŸ¤”,thinking face,1
269,ğŸ’¡,light bulb,1
269,â™Ÿ,chess pawn,1
270,ğŸ¥°,smiling face with hearts,1
273,ğŸ˜„,grinning face with smiling eyes,1
273,âœŒï¸,victory hand,1
273,â¤ï¸,red heart,1
273,ğŸ‡¬ğŸ‡§,flag: United Kingdom,1
275,âŒ,cross mark,1
275,âœ…,check mark button,1
275,ğŸ‡¨ğŸ‡³,flag: China,1
275,ğŸ‘‘,crown,1
275,ğŸ“¸,camera with flash,1
275,â™Ÿ,chess pawn,1
278,ğŸŒ,sun with face,1
279,ğŸ§©,puzzle piece,1
279,ğŸ’¡,light bulb,1
280,âœ¨,sparkles,1
280,ğŸ”’,locked,1
280,ğŸ“š,books,1
280,â™Ÿï¸,chess pawn,4
280,ğŸ§ ,brain,1
280,âš¡,high voltage,1
280,ğŸ”¥,fire,1
280,ğŸ†,trophy,1
280,ğŸ’¡,light bulb,2
280,ğŸ”,magnifying glass tilted left,1
280,ğŸ’ª,flexed biceps,1
280,ğŸ¯,bullseye,1
282,â™Ÿï¸,chess pawn,1
282,ğŸ‡¨ğŸ‡­,flag: Switzerland,1
283,â™Ÿï¸,chess pawn,1
283,âœ¨,sparkles,3
285,ğŸŒ¸,cherry blossom,1
285,ğŸ’¥,collision,1
286,ğŸŒ,globe showing Europe-Africa,1
286,ğŸ†,trophy,1
286,âœ¨,sparkles,2
286,ğŸ”¹,small blue diamond,2
286,ğŸ”¸,small orange diamond,2
286,ğŸ’¥,collision,1
286,ğŸŒŸ,glowing star,3
286,ğŸ™Œ,raising hands,1
286,â™Ÿï¸,chess pawn,1
286,ğŸš€,rocket,1
286,ğŸ”¥,fire,2
286,ğŸ“£,megaphone,1
286,ğŸ¤,handshake,2
286,ğŸ‘‰,backhand index pointing right,2
286,ğŸ’ª,flexed biceps,3
286,ğŸ¯,bullseye,1
287,ğŸ‘,thumbs up,1
287,ğŸ“š,books,1
287,ğŸ“–,open book,1
288,ğŸ˜,smiling face with heart-eyes,1
288,ğŸ’œ,purple heart,1
290,ğŸ‡¨ğŸ‡­,flag: Switzerland,4
290,ğŸ«,school,1
291,ğŸ’•,two hearts,1
291,â¤ï¸,red heart,1
291,ğŸ’,revolving hearts,1
291,ğŸ‘­,women holding hands,1
294,ğŸ¥³,partying face,1
295,ğŸ™,folded hands,1
296,ğŸ¥‡,1st place medal,1
297,â™Ÿï¸,chess pawn,1
301,â™Ÿï¸,chess pawn,2
301,âš ï¸,warning,1
301,ğŸ’¥,collision,1
301,ğŸ’”,broken heart,1
304,ğŸ•˜,nine oâ€™clock,1
304,â™Ÿ,chess pawn,1
308,ğŸ¤,white heart,1
308,ğŸ˜»,smiling cat with heart-eyes,1
312,ğŸº,beer mug,1
312,ğŸ¸,cocktail glass,1
313,ğŸ¤©,star-struck,1
313,â­,star,1
315,ğŸ¥¸,disguised face,1
316,â¡ï¸,right arrow,1
316,ğŸ™ğŸ»,folded hands: light skin tone,1
316,â™Ÿï¸,chess pawn,1
316,ğŸ“¸,camera with flash,1
316,ğŸ¦‹,butterfly,2
317,ğŸ¥‰,3rd place medal,1
318,ğŸº,beer mug,1
319,ğŸ¤©,star-struck,1
320,ğŸ˜,smiling face with sunglasses,1
320,ğŸ¤©,star-struck,1
326,ğŸ˜¬,grimacing face,1
330,ğŸ¤”,thinking face,1
330,ğŸ’¡,light bulb,1
330,â™Ÿ,chess pawn,1
333,ğŸ˜,smiling face with heart-eyes,1
334,ğŸ§ ,brain,1
335,ğŸ‘ğŸ»,thumbs up: light skin tone,2
335,ğŸ‘,clapping hands,1
335,ğŸ¤˜,sign of the horns,1
339,ğŸ†,trophy,1
341,â¤ï¸,red heart,3
345,ğŸŒ,globe showing Europe-Africa,1
345,âœ¨,sparkles,1
345,ğŸ¤©,star-struck,1
345,ğŸŒŸ,glowing star,1
345,â™Ÿï¸,chess pawn,3
345,ğŸ§ ,brain,1
345,ğŸ’­,thought balloon,1
345,ğŸ†,trophy,1
345,ğŸ”,locked with key,1
345,ğŸ“ˆ,chart increasing,1
346,ğŸ¤—,hugging face,1
347,ğŸ’°,money bag,1
347,ğŸ’¥,collision,1
347,ğŸ’¸,money with wings,1
347,ğŸ,wrapped gift,1
347,ğŸ”¥,fire,1
347,ğŸ®,video game,1
349,ğŸ¥‡,1st place medal,1
349,ğŸ‡ºğŸ‡¿,flag: Uzbekistan,1
358,â†™ï¸,down-left arrow,1
362,ğŸ”,hamburger,1
362,ğŸ’•,two hearts,1
362,ğŸ’,revolving hearts,1
362,ğŸ‘­,women holding hands,1
362,ğŸ¤´,prince,1
362,â¤ï¸,red heart,1
362,ğŸ‘¸,princess,1
364,ğŸ,snake,1
364,ğŸ˜,beaming face with smiling eyes,1
371,ğŸ“‹,clipboard,1
371,ğŸ“©,envelope with arrow,1
371,ğŸ“,telephone receiver,1
372,ğŸ“‹,clipboard,1
372,ğŸ“©,envelope with arrow,1
372,ğŸ“,telephone receiver,1
373,ğŸ“‹,clipboard,1
373,ğŸ¤,white heart,1
373,ğŸ“,telephone receiver,1
373,ğŸ“©,envelope with arrow,1
374,â–,minus,2
374,âœ–,multiply,1
374,âœ”ï¸,check mark,1
374,âœ”,check mark,2
375,ğŸ“‹,clipboard,1
375,ğŸ“©,envelope with arrow,1
375,ğŸ“,telephone receiver,1
379,ğŸ˜,smiling face with sunglasses,1
379,ğŸ‘€,eyes,1
379,ğŸ§,face with monocle,1
379,ğŸ™Œ,raising hands,1
380,ğŸ“š,books,10
381,â–,minus,2
381,âœ–,multiply,1
381,âœ”,check mark,1
385,â¡ï¸,right arrow,4
385,ğŸ‘‡,backhand index pointing down,2
386,â™Ÿï¸,chess pawn,1
386,ğŸ”…,dim button,1
386,ğŸ·ï¸,label,1
387,ğŸ˜œ,winking face with tongue,1
388,ğŸš€,rocket,1
389,â¡ï¸,right arrow,1
389,ğŸ“,memo,1
389,ğŸ“¸,camera with flash,1
389,â™Ÿ,chess pawn,1
391,ğŸ‘‰,backhand index pointing right,2
393,ğŸ˜,smiling face with heart-eyes,1
393,ğŸ‘,thumbs up,1
393,ğŸ’¾,floppy disk,1
393,ğŸ¤£,rolling on the floor laughing,5
393,ğŸ’¬,speech balloon,1
393,ğŸš¶â€â™‚ï¸,man walking,1
393,ğŸ”,repeat button,1
394,ğŸ¤”,thinking face,1
394,ğŸ§©,puzzle piece,1
399,â™Ÿï¸,chess pawn,1
399,âœï¸,pencil,3
404,â™Ÿï¸,chess pawn,1
406,ğŸ‘‰,backhand index pointing right,1
406,â˜€ï¸,sun,1
406,â™Ÿ,chess pawn,1
407,ğŸ‘‰,backhand index pointing right,1
407,ğŸ™‚,slightly smiling face,1
407,ğŸ””,bell,2
409,ğŸš«,prohibited,1
410,ğŸ§ª,test tube,1
411,â™Ÿï¸,chess pawn,2
411,ğŸ¤“,nerd face,1
411,ğŸ˜ˆ,smiling face with horns,1
412,ğŸ›‹ï¸,couch and lamp,1
412,â™Ÿ,chess pawn,1
412,ğŸ§™â€â™‚ï¸,man mage,1
415,ğŸ™‚,slightly smiling face,1
416,â™Ÿï¸,chess pawn,1
416,â¤ï¸,red heart,1
416,ğŸ“·,camera,1
421,â™Ÿ,chess pawn,1
422,ğŸ’ğŸ¼â€â™‚ï¸,man tipping hand: medium-light skin tone,1
423,ğŸ‘¸ğŸ»,princess: light skin tone,1
423,â™Ÿï¸,chess pawn,1
424,âœ¨,sparkles,1
429,â™Ÿï¸,chess pawn,1
429,ğŸ¤µâ€â™‚,man in tuxedo,1
431,â™Ÿï¸,chess pawn,1
431,ğŸ“…,calendar,1
431,ğŸ“,round pushpin,1
433,ğŸš«,prohibited,1
435,ğŸ»,light skin tone,1
435,ğŸ¦•,sauropod,1
435,ğŸ¦–,T-Rex,1
437,â—»ï¸,white medium square,1
437,ğŸ¤”,thinking face,1
440,âš«,black circle,1
442,ğŸ˜‚,face with tears of joy,1
443,ğŸ¥°,smiling face with hearts,1
445,â¤ï¸,red heart,1
449,ğŸƒ,leaf fluttering in wind,1
450,ğŸ‘¨â€ğŸŒ¾,man farmer,1
450,â¤,red heart,1
450,ğŸ‘©â€ğŸŒ¾,woman farmer,1
451,â™Ÿï¸,chess pawn,2
454,â™Ÿï¸,chess pawn,1
454,ğŸ¤´,prince,1
454,ğŸŒŸ,glowing star,1
454,ğŸ°,castle,1
456,ğŸ³ï¸â€ğŸŒˆ,rainbow flag,1
459,ğŸš´â€â™‚ï¸,man biking,1
459,ğŸ”¥,fire,1
459,Â©,copyright,2
462,ğŸ˜,smiling face with sunglasses,1
462,â™Ÿ,chess pawn,1
462,ğŸ¦œ,parrot,1
465,ğŸ§ ,brain,1
465,â™Ÿ,chess pawn,1
465,ğŸ“š,books,1
465,âœ¨,sparkles,1
466,ğŸ”¥,fire,1
466,ğŸŒ,globe showing Americas,1
466,ğŸ’ª,flexed biceps,1
468,â™Ÿï¸,chess pawn,1
468,ğŸ˜¼,cat with wry smile,1
469,ğŸ¤,handshake,1
469,ğŸ‘‘,crown,1
469,ğŸ’­,thought balloon,1
469,ğŸ”¥,fire,1
469,ğŸ•¹ï¸,joystick,1
469,ğŸ’¡,light bulb,1
469,â³,hourglass not done,1
470,ğŸ¤“,nerd face,1
470,ğŸ“±,mobile phone,1
470,ğŸŒ,globe with meridians,1
470,ğŸ’»,laptop,1
470,â™Ÿï¸,chess pawn,1
470,ğŸ“§,e-mail,1
470,ğŸ“,telephone receiver,1
470,â—,red exclamation mark,2
473,ğŸ˜‰,winking face,1
473,ğŸ˜‚,face with tears of joy,1
473,â™Ÿï¸,chess pawn,1
478,ğŸ¥ˆ,2nd place medal,2
481,ğŸ˜,beaming face with smiling eyes,1
482,â™Ÿï¸,chess pawn,1
482,ğŸ–¤,black heart,1
486,ğŸ”¥,fire,1
486,ğŸŒ,globe showing Americas,1
486,âœ¨,sparkles,1
487,â™Ÿï¸,chess pawn,1
487,â¤ï¸,red heart,1
487,âœ¨,sparkles,1
492,ğŸ¤,white heart,1
492,â™Ÿ,chess pawn,1
492,âœğŸ¼,writing hand: medium-light skin tone,1
496,ğŸ­,lollipop,1
496,ğŸŒ,globe showing Asia-Australia,1
496,ğŸ”,hamburger,1
496,ğŸ‘‰,backhand index pointing right,1
496,ğŸ‡ºğŸ‡¦,flag: Ukraine,1
496,ğŸ’,cherries,1
498,â—,red exclamation mark,2
503,â¤ï¸,red heart,1
507,ğŸ“¸,camera with flash,1
508,ğŸ¤,pinching hand,1
508,ğŸ”¥,fire,1
508,ğŸ†,trophy,1
510,âœ´ï¸,eight-pointed star,1
510,ğŸ‘½,alien,1
510,ğŸ†š,VS button,1
511,ğŸ˜€,grinning face,1
511,ğŸ‘,open hands,1
512,ğŸ—“,spiral calendar,2
512,ğŸ‡¬ğŸ‡§,flag: United Kingdom,1
512,âœ¨,sparkles,2
512,ğŸº,trumpet,2
512,ğŸ“¸,camera with flash,1
512,ğŸ·,saxophone,2
513,ğŸ˜,smirking face,1
513,ğŸ›¹,skateboard,1
513,ğŸ¥³,partying face,1
513,â™Ÿï¸,chess pawn,1
513,ğŸ‘Œ,OK hand,1
513,ğŸ”¥,fire,1
514,â™Ÿï¸,chess pawn,1
514,ğŸ‘‘,crown,1
515,ğŸ“±,mobile phone,1
515,ğŸ§©,puzzle piece,2
515,ğŸ™‚,slightly smiling face,4
515,ğŸŒˆ,rainbow,1
515,ğŸŒ…,sunrise,1
515,ğŸï¸,desert island,1
515,ğŸ–¥ï¸,desktop computer,1
515,ğŸŸï¸,stadium,1
516,ğŸ˜Š,smiling face with smiling eyes,1
517,ğŸ˜Š,smiling face with smiling eyes,1
520,ğŸ“…,calendar,1
520,ğŸ•œ,one-thirty,1
520,ğŸ“¢,loudspeaker,1
520,â™Ÿï¸,chess pawn,2
520,ğŸ“§,e-mail,1
521,ğŸ˜€,grinning face,1
523,âœŒï¸,victory hand,1
524,ğŸ‘,clapping hands,2
526,ğŸš€,rocket,1
526,â™Ÿ,chess pawn,1
527,ğŸ‡¨ğŸ‡±,flag: Chile,1
527,ğŸ’•,two hearts,2
527,ğŸ“·,camera,2
527,â™Ÿï¸,chess pawn,1
527,ğŸ‡ªğŸ‡¬,flag: Egypt,1
528,ğŸ‘‰ğŸ»,backhand index pointing right: light skin tone,1
529,ğŸ˜¼,cat with wry smile,1
529,ğŸ–¤,black heart,1
533,ğŸ‘‘,crown,1
533,ğŸ¥°,smiling face with hearts,1
533,ğŸ”¥,fire,1
533,ğŸ†“,FREE button,1
534,ğŸµ,musical note,3
536,ğŸ˜…,grinning face with sweat,1
536,ğŸ˜Œ,relieved face,1
537,ğŸµ,musical note,3
538,â™Ÿï¸,chess pawn,2
538,ğŸ¤­,face with hand over mouth,1
538,ğŸ˜„,grinning face with smiling eyes,2
538,ğŸ’ª,flexed biceps,1
550,â–«ï¸,white small square,10
550,ğŸ™‹ğŸ¼â€â™€ï¸,woman raising hand: medium-light skin tone,1
550,â–ªï¸,black small square,10
550,ğŸ‘©â€ğŸ“,woman student,1
550,â™Ÿ,chess pawn,2
550,ğŸ“,telephone receiver,1
550,ğŸ“,round pushpin,1
551,â™Ÿï¸,chess pawn,1
551,âœ”ï¸,check mark,1
552,â–«ï¸,white small square,10
552,ğŸ™‹ğŸ¼â€â™€ï¸,woman raising hand: medium-light skin tone,1
552,â–ªï¸,black small square,10
552,ğŸ‘©â€ğŸ“,woman student,1
552,â™Ÿ,chess pawn,2
552,ğŸ“,telephone receiver,1
552,ğŸ“,round pushpin,1
554,ğŸ‘,thumbs up,1
554,âŒš,watch,1
554,ğŸ˜‰,winking face,1
554,ğŸ”‘,key,1
554,ğŸ¦¾,mechanical arm,1
554,ğŸ§ ,brain,1
554,ğŸ,wrapped gift,1
554,â¤ï¸,red heart,1
554,â™Ÿ,chess pawn,1
554,ğŸ‘‰,backhand index pointing right,4
554,â“,red question mark,1
554,ğŸ’¡,light bulb,1
556,ğŸ¤¨,face with raised eyebrow,1
559,â™Ÿ,chess pawn,2
559,ğŸ“–,open book,1
560,ğŸ“,round pushpin,1
560,â˜•,hot beverage,1
561,ğŸ‘‰,backhand index pointing right,1
561,ğŸ™‚,slightly smiling face,1
561,ğŸ‘‡,backhand index pointing down,2
561,ğŸ””,bell,2
564,ğŸ’¯,hundred points,2
564,â¡,right arrow,1
564,ğŸ”¥,fire,20
564,â¤ï¸,red heart,1
564,ğŸ˜,beaming face with smiling eyes,2
564,ğŸš§,construction,6
564,ğŸ’—,growing heart,2
564,ğŸ›‘,stop sign,7
566,ğŸ¤“,nerd face,1
566,â™Ÿ,chess pawn,1
568,â™Ÿï¸,chess pawn,1
569,â™Ÿï¸,chess pawn,1
570,ğŸ³ï¸â€ğŸŒˆ,rainbow flag,1
571,ğŸŒ,globe showing Europe-Africa,1
571,ğŸ˜,smiling face with heart-eyes,1
571,ğŸ˜ƒ,grinning face with big eyes,1
577,ğŸ¤—,hugging face,2
578,ğŸ³ï¸â€ğŸŒˆ,rainbow flag,1
581,ğŸ‘‘,crown,1
581,ğŸ¤©,star-struck,1
581,â™Ÿ,chess pawn,1
583,ğŸ˜,smiling face with sunglasses,1
583,ğŸŒŸ,glowing star,1
583,â™Ÿï¸,chess pawn,2
583,ğŸš€,rocket,1
583,ğŸ”¥,fire,3
583,ğŸ‘‰,backhand index pointing right,1
583,ğŸ’¡,light bulb,1
583,ğŸ˜˜,face blowing a kiss,1
584,ğŸ˜,smiling face with sunglasses,1
584,ğŸŒŸ,glowing star,1
584,â™Ÿï¸,chess pawn,2
584,ğŸš€,rocket,1
584,ğŸ”¥,fire,3
584,ğŸ‘‰,backhand index pointing right,1
584,ğŸ’¡,light bulb,1
584,ğŸ˜˜,face blowing a kiss,1
585,ğŸš«,prohibited,1
589,â£ï¸,heart exclamation,1
589,ğŸ˜‚,face with tears of joy,1
589,ğŸ¤,handshake,1
590,ğŸŒˆ,rainbow,1
591,â¤ï¸,red heart,1
593,ğŸ˜‚,face with tears of joy,1
593,ğŸ“¸,camera with flash,1
594,â™Ÿï¸,chess pawn,2
594,ğŸ¶,musical notes,2
595,â™Ÿï¸,chess pawn,1
595,ğŸŒ®,taco,1
595,ğŸ»,clinking beer mugs,1
597,ğŸŒ,globe showing Europe-Africa,1
597,ğŸ“…,calendar,1
597,âŒš,watch,1
597,ğŸŒŸ,glowing star,2
597,ğŸ§¾,receipt,1
597,ğŸ”‘,key,1
597,ğŸ†,trophy,1
598,ğŸ˜¬,grimacing face,1
600,ğŸ“¸,camera with flash,1
604,3ï¸âƒ£,keycap: 3,1
604,ğŸ‡¨ğŸ‡³,flag: China,2
604,4ï¸âƒ£,keycap: 4,1
604,5ï¸âƒ£,keycap: 5,1
604,â™Ÿ,chess pawn,1
604,ğŸ¯,bullseye,1
605,ğŸš¨,police car light,1
605,âœ…,check mark button,1
605,â™Ÿï¸,chess pawn,1
605,ğŸ“£,megaphone,1
605,ğŸ‘‡ğŸ¼,backhand index pointing down: medium-light skin tone,1
606,â™Ÿï¸,chess pawn,1
606,ğŸ“²,mobile phone with arrow,1
606,ğŸ’¥,collision,2
606,ğŸ˜,smiling face with heart-eyes,1
607,â™Ÿï¸,chess pawn,1
607,ğŸ“²,mobile phone with arrow,1
607,ğŸ’¥,collision,2
607,ğŸ˜,smiling face with heart-eyes,1
613,ğŸ˜,smiling face with sunglasses,1
613,ğŸ‘‰,backhand index pointing right,2
613,ğŸ´,horse face,1
613,ğŸ‡§ğŸ‡·,flag: Brazil,1
613,ğŸ‡°ğŸ‡µ,flag: North Korea,1
613,ğŸ‘¸,princess,1
615,ğŸ‘†,backhand index pointing up,1
615,â¤ï¸,red heart,1
615,ğŸ‘‰,backhand index pointing right,2
622,ğŸ”,TOP arrow,1
622,â™Ÿ,chess pawn,1
622,âœ…,check mark button,1
622,ğŸ†,trophy,1
625,â™Ÿï¸,chess pawn,1
625,ğŸ˜¬,grimacing face,1
627,ğŸ¶,musical notes,1
627,ğŸ—,poultry leg,1
631,â™Ÿ,chess pawn,2
631,ğŸ˜ƒ,grinning face with big eyes,2
631,â˜ï¸,index pointing up,2
632,ğŸš¨,police car light,1
632,ğŸ’™,blue heart,1
632,ğŸ’›,yellow heart,2
632,ğŸ¤©,star-struck,1
632,ğŸ¥°,smiling face with hearts,2
632,ğŸ“²,mobile phone with arrow,1
634,ğŸ˜,smiling face with sunglasses,1
634,â™Ÿ,chess pawn,1
634,ğŸ¦‹,butterfly,1
635,â™Ÿï¸,chess pawn,1
635,ğŸ§‘ğŸ»â€ğŸ«,teacher: light skin tone,1
635,ğŸ”¥,fire,1
638,ğŸ˜®,face with open mouth,3
645,âœ‰ï¸,envelope,1
645,ğŸ¨,artist palette,1
645,ğŸ”¥,fire,1
646,â™Ÿï¸,chess pawn,1
646,ğŸ‡¦ğŸ‡½,flag: Ã…land Islands,1
646,â¤ï¸,red heart,1
647,ğŸ³ï¸â€ğŸŒˆ,rainbow flag,1
647,ğŸ’ª,flexed biceps,1
647,âœ¨,sparkles,1
649,â™Ÿï¸,chess pawn,12
650,â™Ÿ,chess pawn,2
651,â™Ÿï¸,chess pawn,1
651,ğŸ“·,camera,1
651,ğŸ˜ˆ,smiling face with horns,1
652,â™ ï¸,spade suit,1
652,â™¦ï¸,diamond suit,1
652,ğŸƒ,joker,1
652,â™£ï¸,club suit,1
652,â™¥ï¸,heart suit,1
654,âšª,white circle,1
659,â™Ÿï¸,chess pawn,3
659,â™¥ï¸,heart suit,1
660,â™Ÿï¸,chess pawn,1
660,ğŸ¤·ğŸ»â€â™€ï¸,woman shrugging: light skin tone,1
662,â€¼ï¸,double exclamation mark,1
662,ğŸ’,gem stone,1
663,ğŸ“,round pushpin,1
667,â¤ï¸,red heart,1
668,â™Ÿï¸,chess pawn,1
669,â™Ÿï¸,chess pawn,1
670,ğŸ“·,camera,1
670,ğŸ™„,face with rolling eyes,1
674,â™Ÿï¸,chess pawn,1
675,ğŸ˜‰,winking face,1
676,ğŸ€,four leaf clover,1
676,ğŸï¸,national park,1
676,ğŸŒ³,deciduous tree,1
678,ğŸ™ğŸ¾,folded hands: medium-dark skin tone,1
678,ğŸ˜…,grinning face with sweat,1
678,ğŸ¤¦ğŸ¾â€â™‚ï¸,man facepalming: medium-dark skin tone,1
681,ğŸ§,face with monocle,1
681,â™Ÿ,chess pawn,2
682,ğŸ”¥,fire,1
682,â™¥ï¸,heart suit,1
682,ğŸ“–,open book,1
684,â™Ÿï¸,chess pawn,1
685,ğŸš«,prohibited,1
687,ğŸ“¸,camera with flash,1
689,â™Ÿï¸,chess pawn,1
689,ğŸ˜Š,smiling face with smiling eyes,1
693,ğŸ“±,mobile phone,1
693,ğŸ§©,puzzle piece,2
693,ğŸ™‚,slightly smiling face,4
693,ğŸŒˆ,rainbow,1
693,ğŸŒ…,sunrise,1
693,ğŸï¸,desert island,1
693,ğŸ–¥ï¸,desktop computer,1
693,ğŸŸï¸,stadium,1
694,ğŸ‚,birthday cake,1
694,â™Ÿ,chess pawn,1
695,â™Ÿï¸,chess pawn,1
695,ğŸŒ¸,cherry blossom,1
695,ğŸŒ¿,herb,1
696,â™Ÿï¸,chess pawn,2
697,â™Ÿï¸,chess pawn,1
697,ğŸ‘€,eyes,1
698,ğŸ˜„,grinning face with smiling eyes,1
699,ğŸ§©,puzzle piece,1
702,ğŸ˜,smiling face with sunglasses,1
702,ğŸ™ŒğŸ»,raising hands: light skin tone,2
702,ğŸ¤£,rolling on the floor laughing,1
702,ğŸ™ƒ,upside-down face,1
702,ğŸ¥°,smiling face with hearts,1
703,ğŸ˜,smiling face with heart-eyes,1
703,ğŸŒ¶,hot pepper,1
703,ğŸŒ¹,rose,1
703,â™Ÿï¸,chess pawn,1
703,ğŸ”¥,fire,1
703,â¤ï¸,red heart,1
703,ğŸ¨,artist palette,2
703,ğŸ¿ï¸,chipmunk,3
703,âœ,pencil,1
703,ğŸ’‹,kiss mark,1
704,ğŸ”¥,fire,1
707,ğŸš§,construction,1
707,ğŸ°,castle,1
712,ğŸ˜,smiling face with sunglasses,1
712,â˜ºï¸,smiling face,1
712,âœŒï¸,victory hand,1
713,â¤ï¸,red heart,1
714,ğŸ˜ƒ,grinning face with big eyes,1
714,â™Ÿ,chess pawn,1
715,Â©,copyright,1
716,â™Ÿï¸,chess pawn,1
716,ğŸ°,castle,1
719,ğŸ˜¤,face with steam from nose,1
722,ğŸ˜„,grinning face with smiling eyes,1
724,ğŸ¤©,star-struck,1
724,â™Ÿ,chess pawn,1
726,ğŸ’§,droplet,1
726,ğŸ“·,camera,1
726,ğŸ‘‡,backhand index pointing down,1
729,ğŸ¤”,thinking face,1
729,ğŸ§©,puzzle piece,1
729,ğŸ‘‡,backhand index pointing down,1
729,ğŸ§™â€â™‚ï¸,man mage,1
730,ğŸ¤,handshake,1
730,â±ï¸,stopwatch,1
730,ğŸŒŸ,glowing star,1
730,ğŸ—“ï¸,spiral calendar,1
730,ğŸš€,rocket,1
730,ğŸ”¥,fire,1
730,ğŸ“£,megaphone,1
730,â²ï¸,timer clock,1
730,ğŸ…,sports medal,1
730,ğŸ†,trophy,1
730,ğŸ‘¥,busts in silhouette,1
730,ğŸ“,round pushpin,1
730,ğŸ’ª,flexed biceps,1
731,â™Ÿï¸,chess pawn,1
733,â™Ÿï¸,chess pawn,1
734,â™Ÿï¸,chess pawn,1
737,â™Ÿï¸,chess pawn,1
738,ğŸ˜„,grinning face with smiling eyes,1
738,ğŸ¤£,rolling on the floor laughing,1
740,â™Ÿï¸,chess pawn,1
741,â™Ÿï¸,chess pawn,1
742,ğŸ“¸,camera with flash,1
742,ğŸ‘,clapping hands,1
742,ğŸ’ª,flexed biceps,1
744,â™Ÿï¸,chess pawn,1
746,Â®,registered,1
747,ğŸ“…,calendar,1
747,âœ…,check mark button,1
747,ğŸ¤”,thinking face,1
747,ğŸ,wrapped gift,1
747,ğŸ•‘,two oâ€™clock,1
748,ğŸŒ„,sunrise over mountains,1
748,â›º,tent,1
749,â™Ÿï¸,chess pawn,2
749,ğŸ´,horse face,1
750,ğŸ¥ƒ,tumbler glass,1
750,â›³,flag in hole,1
750,â™Ÿ,chess pawn,1
755,â™Ÿï¸,chess pawn,2
756,ğŸ¤£,rolling on the floor laughing,1
757,â™Ÿï¸,chess pawn,1
757,ğŸ˜…,grinning face with sweat,1
759,ğŸ“¸,camera with flash,1
760,ğŸ˜,smiling face with sunglasses,2
760,ğŸ¤“,nerd face,2
760,ğŸ‘‰,backhand index pointing right,1
760,ğŸ˜‰,winking face,2
760,ğŸ“±,mobile phone,1
760,ğŸ¤©,star-struck,2
760,ğŸ“¢,loudspeaker,2
760,â˜ï¸,telephone,1
768,ğŸ–¤,black heart,2
768,ğŸ’€,skull,1
771,ğŸ‰,party popper,1
771,ğŸ“¢,loudspeaker,1
773,â™Ÿï¸,chess pawn,4
773,âšª,white circle,1
773,ğŸ”µ,blue circle,1
774,â™Ÿï¸,chess pawn,2
774,âœ¨,sparkles,1
775,ğŸ‘‰,backhand index pointing right,2
775,ğŸ’ª,flexed biceps,1
777,ğŸŒ,globe showing Europe-Africa,1
777,âœ‰,envelope,1
777,ğŸŒŸ,glowing star,9
777,ğŸ‰,party popper,4
777,ğŸ‡¸ğŸ‡¦,flag: Saudi Arabia,1
777,ğŸ”¥,fire,1
777,ğŸ†,trophy,2
780,â™Ÿï¸,chess pawn,1
780,ğŸ“Œ,pushpin,1
782,ğŸ‰,party popper,1
782,â™Ÿï¸,chess pawn,1
782,ğŸ˜¬,grimacing face,1
782,â¤ï¸,red heart,1
782,ğŸ˜…,grinning face with sweat,1
782,ğŸ’ª,flexed biceps,1
783,ğŸ‡¸ğŸ‡®,flag: Slovenia,1
784,ğŸš´â€â™‚ï¸,man biking,1
784,ğŸ”¥,fire,1
784,Â©,copyright,2
785,ğŸ»,light skin tone,2
785,ğŸ‘‰ğŸ»,backhand index pointing right: light skin tone,1
785,ğŸ¤—,hugging face,1
785,âœ¨,sparkles,1
786,ğŸ˜œ,winking face with tongue,1
787,â˜ï¸,telephone,1
787,ğŸ“,round pushpin,1
787,ğŸ’ ,diamond with a dot,16
790,ğŸ»,light skin tone,1
790,ğŸ¤,white heart,1
790,âœ¨,sparkles,1
793,ğŸˆ,balloon,1
793,âœ¨,sparkles,1
793,ğŸ™,folded hands,2
793,ğŸ˜­,loudly crying face,1
793,ğŸ‰,party popper,1
793,ğŸ™ŒğŸ¼,raising hands: medium-light skin tone,1
793,â¤ï¸,red heart,2
793,â¤ï¸â€ğŸ”¥,heart on fire,1
794,â™Ÿï¸,chess pawn,1
795,ğŸš´â€â™‚ï¸,man biking,1
795,ğŸ”¥,fire,1
795,Â©,copyright,2
796,ğŸ¦´,bone,1
797,â™Ÿï¸,chess pawn,1
797,ğŸ˜Š,smiling face with smiling eyes,1
797,âœ¨,sparkles,1
798,ğŸ˜‚,face with tears of joy,1
800,ğŸ˜€,grinning face,1
800,ğŸ‘,open hands,1
801,â¤ï¸,red heart,1
804,ğŸ“Œ,pushpin,4
804,â•,plus,1
804,âœ…,check mark button,2
804,ğŸ”–,bookmark,1
804,â¤µï¸,right arrow curving down,1
804,ğŸ’¥,collision,1
804,â€¼ï¸,double exclamation mark,2
804,âœ”ï¸,check mark,4
804,ğŸ¤—,hugging face,2
804,ğŸ“¥,inbox tray,1
804,ğŸ“²,mobile phone with arrow,1
805,ğŸ“Œ,pushpin,4
805,â•,plus,1
805,âœ…,check mark button,2
805,ğŸ“¥,inbox tray,1
805,ğŸ”–,bookmark,1
805,â¤µï¸,right arrow curving down,1
805,ğŸ’¥,collision,1
805,ğŸ“š,books,1
805,â€¼ï¸,double exclamation mark,2
805,âœ”ï¸,check mark,4
805,ğŸ¤—,hugging face,2
805,â˜ï¸,telephone,1
805,ğŸ“²,mobile phone with arrow,1
807,ğŸ’°,money bag,1
807,ğŸš—,automobile,1
807,ğŸ•‘,two oâ€™clock,1
807,ğŸ“²,mobile phone with arrow,1
807,ğŸ“,round pushpin,1
807,ğŸ¯,bullseye,1
809,ğŸ‡¦ğŸ‡±,flag: Albania,1
814,ğŸ¥‡,1st place medal,3
816,ğŸ¥‡,1st place medal,3
817,â™Ÿï¸,chess pawn,3
817,ğŸ˜‚,face with tears of joy,1
819,â™Ÿï¸,chess pawn,13
824,ğŸŒ±,seedling,1
824,ğŸ‡ºğŸ‡¸,flag: United States,1
829,ğŸ˜‰,winking face,1
829,ğŸ‘€,eyes,1
831,â¤ï¸,red heart,3
832,ğŸ‡²ğŸ‡¾,flag: Malaysia,1
832,ğŸ˜,smiling face with sunglasses,1
832,ğŸ‘‰,backhand index pointing right,2
832,ğŸ‡§ğŸ‡·,flag: Brazil,1
832,ğŸ‘¸,princess,1
833,â™Ÿï¸,chess pawn,1
833,â˜•,hot beverage,1
834,â™Ÿï¸,chess pawn,1
834,ğŸ§,face with monocle,1
834,ğŸ¤”,thinking face,1
834,ğŸ’­,thought balloon,1
837,ğŸ¥³,partying face,1
838,ğŸ‘‰,backhand index pointing right,1
838,ğŸ™‚,slightly smiling face,1
838,ğŸ‘‡,backhand index pointing down,2
838,ğŸ””,bell,2
839,ğŸ’«,dizzy,1
839,â¤ï¸,red heart,1
840,ğŸ¥‡,1st place medal,1
840,â™Ÿï¸,chess pawn,1
841,ğŸŒ,globe showing Americas,1
841,ğŸ’¯,hundred points,1
841,âœ…,check mark button,1
841,âœŒï¸,victory hand,1
841,ğŸ§©,puzzle piece,1
841,ğŸ‘‡,backhand index pointing down,3
841,ğŸŒ»,sunflower,1
841,ğŸŒ±,seedling,1
841,ğŸ—ï¸,old key,1
841,ğŸŒ,sun with face,1
842,â™Ÿï¸,chess pawn,1
842,ğŸŒ¸,cherry blossom,1
842,â˜•,hot beverage,1
842,ğŸŒ,sun with face,1
844,â™Ÿï¸,chess pawn,1
844,â€¼ï¸,double exclamation mark,1
844,ğŸ§©,puzzle piece,1
844,ğŸ‘‡,backhand index pointing down,1
846,ğŸ‘¸ğŸ»,princess: light skin tone,1
846,ğŸ‘‘,crown,1
846,â™Ÿï¸,chess pawn,1
848,ğŸ‘,thumbs up,1
848,âŒš,watch,1
848,ğŸ˜‰,winking face,1
848,ğŸ”‘,key,1
848,ğŸ¦¾,mechanical arm,1
848,ğŸ§ ,brain,1
848,ğŸ,wrapped gift,1
848,â¤ï¸,red heart,1
848,â™Ÿ,chess pawn,1
848,ğŸ‘‰,backhand index pointing right,4
848,â“,red question mark,1
848,ğŸ’¡,light bulb,1
849,â™Ÿï¸,chess pawn,1
849,ğŸ˜œ,winking face with tongue,1
850,ğŸ”…,dim button,3
850,ğŸ‘‡ğŸ»,backhand index pointing down: light skin tone,1
850,âœ¨,sparkles,1
850,ğŸ‘¦ğŸ»,boy: light skin tone,1
850,ğŸ“,telephone receiver,1
850,ğŸ‘©ğŸ»,woman: light skin tone,1
851,ğŸ“”,notebook with decorative cover,1
851,ğŸ‡²ğŸ‡¨,flag: Monaco,1
851,â™Ÿï¸,chess pawn,2
851,â£ï¸,heart exclamation,2
851,ğŸ™ğŸ»,folded hands: light skin tone,1
851,ğŸ¤«,shushing face,1
851,âœï¸,writing hand,2
851,ğŸ˜˜,face blowing a kiss,1
854,â™Ÿï¸,chess pawn,1
854,ğŸ¥ˆ,2nd place medal,1
854,ğŸ…,sports medal,1
854,ğŸ¥‰,3rd place medal,1
855,â™Ÿï¸,chess pawn,1
855,â˜€ï¸,sun,1
855,ğŸ“¸,camera with flash,1
856,ğŸ’¯,hundred points,2
856,â¡,right arrow,1
856,ğŸ”¥,fire,20
856,â¤ï¸,red heart,1
856,ğŸš§,construction,6
856,ğŸ’—,growing heart,2
856,ğŸ›‘,stop sign,7
857,ğŸ¤©,star-struck,1
857,â™Ÿï¸,chess pawn,1
857,ğŸ¥‡,1st place medal,1
857,ğŸ‘Œ,OK hand,1
857,ğŸ‡µğŸ‡±,flag: Poland,1
857,ğŸ‘,clapping hands,1
857,ğŸ†,trophy,1
857,â˜ï¸,telephone,1
857,ğŸ’ª,flexed biceps,1
859,ğŸš«,prohibited,1
865,ğŸ¥‡,1st place medal,3
865,ğŸ¥ˆ,2nd place medal,1
868,ğŸŒ¹,rose,1
868,âœ¨,sparkles,1
870,ğŸŒ,globe showing Europe-Africa,1
870,ğŸŒŸ,glowing star,1
870,ğŸ§ ,brain,1
870,ğŸ‘‹,waving hand,1
870,â™Ÿï¸,chess pawn,1
870,ğŸ”¥,fire,1
870,ğŸ’ª,flexed biceps,1
873,ğŸ˜,smiling face with heart-eyes,1
873,ğŸ‘,thumbs up,1
873,ğŸ’¾,floppy disk,1
873,ğŸ’¬,speech balloon,1
873,ğŸš¶â€â™‚ï¸,man walking,1
873,ğŸ”,repeat button,1
874,ğŸ¥°,smiling face with hearts,1
874,ğŸ†,trophy,1
880,â™Ÿï¸,chess pawn,1
880,ğŸ’ªğŸ¾,flexed biceps: medium-dark skin tone,1
883,ğŸ”,magnifying glass tilted right,1
883,ğŸ˜‚,face with tears of joy,2
883,ğŸ‘‡,backhand index pointing down,1
886,ğŸ˜‚,face with tears of joy,1
886,ğŸ¥²,smiling face with tear,1
888,ğŸ¤¨,face with raised eyebrow,1
889,ğŸ‡¨ğŸ‡¦,flag: Canada,1
891,ğŸ¤,handshake,1
891,ğŸŒ,globe showing Americas,1
891,ğŸ—£ï¸,speaking head,1
891,ğŸŒŸ,glowing star,2
891,ğŸ‰,party popper,2
891,ğŸ’­,thought balloon,1
891,ğŸ“¸,camera with flash,2
891,ğŸ”¥,fire,1
891,ğŸ†š,VS button,1
891,ğŸ†,trophy,1
891,ğŸ’¡,light bulb,1
891,ğŸ’ª,flexed biceps,2
897,ğŸ‘†,backhand index pointing up,1
897,â¤ï¸,red heart,1
897,ğŸ‘‰,backhand index pointing right,2
900,ğŸ˜„,grinning face with smiling eyes,1
907,ğŸš—,automobile,1
914,ğŸ˜,smiling face with sunglasses,1
914,ğŸ•š,eleven oâ€™clock,1
914,ğŸ¥‡,1st place medal,1
914,ğŸ’ğŸ¼â€â™€ï¸,woman tipping hand: medium-light skin tone,1
914,ğŸ˜”,pensive face,1
914,ğŸ¥ˆ,2nd place medal,1
914,ğŸ¤·ğŸ¾â€â™‚ï¸,man shrugging: medium-dark skin tone,1
917,ğŸŒ,globe showing Europe-Africa,1
917,ğŸ’™,blue heart,1
917,ğŸ“Œ,pushpin,2
917,âœ”,check mark,3
917,âœˆ,airplane,1
917,ğŸ’¯,hundred points,1
917,ğŸ’³,credit card,2
917,â¡ï¸,right arrow,1
917,â˜‘ï¸,check box with check,1
917,ğŸ‘•,t-shirt,1
917,ğŸš¢,ship,1
920,ğŸ¤”,thinking face,1
930,ğŸ¤,white heart,1
931,ğŸ“¸,camera with flash,1
933,âš«,black circle,1
934,â™Ÿ,chess pawn,1
934,âœ…,check mark button,1
934,ğŸ†,trophy,1
937,ğŸ‘‘,crown,2
941,â™Ÿ,chess pawn,1
941,âœ…,check mark button,1
941,ğŸ†,trophy,1
